2016年06月26日 18:36:59 Sunday,<p>术后第11天，一直躺着休息，百无聊赖。 </p>,
2016年06月24日 10:33:43 Friday,"<p>/<a href=""/n/董明珠"">@董明珠</a> 格力的客服400电话、kf.gree.com响应极其慢，要么电话无人接听，要么即便有人接受信息了，然后一点反馈都没有，你们这是要干嘛呢？/<a href=""/n/格力客服中心"">@格力客服中心</a>:转发微博</p>",
2016年06月24日 10:32:44 Friday,"<span><a href=""/n/董明珠"">@董明珠</a> 格力的客服400电话、kf.gree.com响应极其慢，要么电话无人接听，要么即便有人接受信息了，然后一点反馈都没有，你们这是要干嘛呢？</span>",
2016年06月24日 10:32:32 Friday,"<span><a href=""/n/董明珠"">@董明珠</a> 格力的客服400电话、kf.gree.com响应极其慢，要么电话无人接听，要么即便有人接受信息了，然后一点反馈都没有，你们这是要干嘛呢？</span>",
2016年06月23日 16:46:51 Thursday,"<span><a href=""/n/董明珠"">@董明珠</a> 格力的客服400电话、kf.gree.com响应极其慢，要么电话无人接听，要么即便有人接受信息了，然后一点反馈都没有，你们这是要干嘛呢？ </span>",
2013年10月20日 12:32:14 Sunday,"<p>有奖转发 地址：<a data-url=""http://t.cn/zRtuoWa"" href=""http://t.cn/zRtuoWa"" data-hide=""""><span class=""url-icon""><img style=""width: 1rem;height: 1rem"" src=""https://h5.sinaimg.cn/upload/2015/09/25/3/timeline_card_small_web_default.png""/></span><span class=""surl-text"">网页链接</span></a></p>",
2013年10月20日 12:26:37 Sunday,"<p>有奖转发 地址：<a data-url=""http://t.cn/zRtWCYV"" href=""http://t.cn/zRtWCYV"" data-hide=""""><span class=""url-icon""><img style=""width: 1rem;height: 1rem"" src=""https://h5.sinaimg.cn/upload/2015/09/25/3/timeline_card_small_web_default.png""/></span><span class=""surl-text"">网页链接</span></a></p>",
﻿2013年10月19日 20:23:30 Saturday,"<p>有奖转发<a href=""/n/nalanfeng518"">@nalanfeng518</a> <a href=""/n/猫女娃"">@猫女娃</a> 地址：<a data-url=""http://t.cn/zRtoLHV"" href=""http://t.cn/zRtoLHV"" data-hide=""""><span class=""url-icon""><img style=""width: 1rem;height: 1rem"" src=""https://h5.sinaimg.cn/upload/2015/09/25/3/timeline_card_small_web_default.png""/></span><span class=""surl-text"">网页链接</span></a></p>",
2013年10月19日 20:21:46 Saturday,"<p>有奖转发 <a href=""https://m.weibo.cn/search?containerid=231522type%3D1%26t%3D10%26q%3D%23%E6%B1%BD%E8%BD%A6%E4%B9%8B%E5%AE%B611.11%E7%96%AF%E7%8B%82%E8%B4%AD%E8%BD%A6%E8%8A%82%23&amp;luicode=10000011&amp;lfid=1076031022058374"" data-hide=""""><span class=""surl-text"">#汽车之家11.11疯狂购车节#</span></a>迈锐宝<a href=""/n/nalanfeng518"">@nalanfeng518</a> 地址：<a data-url=""http://t.cn/zRtWCYV"" href=""http://t.cn/zRtWCYV"" data-hide=""""><span class=""url-icon""><img style=""width: 1rem;height: 1rem"" src=""https://h5.sinaimg.cn/upload/2015/09/25/3/timeline_card_small_web_default.png""/></span><span class=""surl-text"">网页链接</span></a></p>",
2013年10月19日 20:17:24 Saturday,"<p>有奖转发<a href=""https://m.weibo.cn/search?containerid=231522type%3D1%26t%3D10%26q%3D%23%E6%B7%98%E5%AE%9D%E6%AF%8D%E5%A9%B4%E6%96%B0%E5%B8%82%E5%9C%BA%23&amp;luicode=10000011&amp;lfid=1076031022058374"" data-hide=""""><span class=""surl-text"">#淘宝母婴新市场#</span></a>回老家了木照片<a href=""/n/淘宝母婴"">@淘宝母婴</a> 地址：<a data-url=""http://t.cn/zRtrT3s"" href=""http://t.cn/zRtrT3s"" data-hide=""""><span class=""url-icon""><img style=""width: 1rem;height: 1rem"" src=""https://h5.sinaimg.cn/upload/2015/09/25/3/timeline_card_small_web_default.png""/></span><span class=""surl-text"">网页链接</span></a></p>",
2013年10月19日 20:12:38 Saturday,"<p>有奖转发<a href=""https://m.weibo.cn/search?containerid=231522type%3D1%26t%3D10%26q%3D%23%E6%88%91%E7%88%B1%E8%AE%B0%E6%AD%8C%E8%AF%8D%23&amp;isnewpage=1&amp;luicode=10000011&amp;lfid=1076031022058374"" data-hide=""""><span class=""surl-text"">#我爱记歌词#</span></a>有没有那么一首歌 地址：<a data-url=""http://t.cn/zRtaRvH"" href=""http://t.cn/zRtaRvH"" data-hide=""""><span class=""url-icon""><img style=""width: 1rem;height: 1rem"" src=""https://h5.sinaimg.cn/upload/2015/09/25/3/timeline_card_small_web_default.png""/></span><span class=""surl-text"">网页链接</span></a></p>",
2013年10月19日 20:11:35 Saturday,"<p>有奖转发 想买的东西统统半价 地址：<a data-url=""http://t.cn/zRtodm3"" href=""http://t.cn/zRtodm3"" data-hide=""""><span class=""url-icon""><img style=""width: 1rem;height: 1rem"" src=""https://h5.sinaimg.cn/upload/2015/09/25/3/timeline_card_small_web_default.png""/></span><span class=""surl-text"">网页链接</span></a></p>",
2013年07月08日 10:43:29 Monday,<p>儿子总是在睡着之前咯咯乐半天 </p>,
2013年07月04日 17:03:32 Thursday,<p>儿子三个月了，会翻身了 </p>,
2013年07月03日 09:11:57 Wednesday,<p>宝宝手上有个透明小水泡 </p>,
2013年06月25日 02:41:19 Tuesday,<p>儿子一觉睡了八个小时! </p>,
